               epoch,      train/box_loss,      train/obj_loss,      train/cls_loss,   metrics/precision,      metrics/recall,     metrics/mAP_0.5,metrics/mAP_0.5:0.95,        val/box_loss,        val/obj_loss,        val/cls_loss,               x/lr0,               x/lr1,               x/lr2
                   0,            0.065388,            0.020442,            0.029486,             0.78736,             0.52982,             0.59214,             0.31664,             0.03789,           0.0074024,             0.01264,             0.00284,             0.00284,             0.07444
                   1,            0.047411,            0.014332,            0.012177,             0.50795,             0.64803,             0.57044,             0.27556,            0.037208,            0.006716,            0.015641,           0.0056897,           0.0056897,             0.04879
                   2,            0.043878,            0.013508,            0.010118,             0.60287,             0.55018,             0.58654,             0.25021,             0.03739,           0.0065447,            0.016789,           0.0085381,           0.0085381,            0.023138
                   3,            0.042884,            0.014077,            0.010652,             0.75167,             0.42592,             0.47062,             0.23457,            0.039756,           0.0082809,            0.024743,            0.009995,            0.009995,            0.009995
                   4,            0.039517,            0.013899,           0.0096498,             0.48741,             0.43542,             0.44517,             0.19544,            0.042329,           0.0076947,            0.025954,            0.009995,            0.009995,            0.009995
                   5,            0.037429,            0.013485,           0.0088216,             0.66753,             0.65507,             0.65534,              0.3726,            0.032299,           0.0062141,            0.014537,           0.0099911,           0.0099911,           0.0099911
                   6,            0.036138,            0.013079,           0.0074276,             0.76998,             0.63931,             0.72199,             0.39021,            0.033101,            0.006328,           0.0082868,           0.0099861,           0.0099861,           0.0099861
                   7,            0.034876,            0.012883,           0.0067635,             0.82175,              0.7437,             0.80174,             0.46655,            0.028075,           0.0056354,           0.0045591,             0.00998,             0.00998,             0.00998
                   8,            0.033891,            0.012763,           0.0068296,             0.77999,             0.73947,             0.81015,             0.48469,            0.027432,           0.0055645,           0.0043682,           0.0099728,           0.0099728,           0.0099728
                   9,            0.032929,            0.012612,           0.0062807,             0.77154,             0.73139,             0.76538,             0.47778,            0.027423,           0.0055748,           0.0068869,           0.0099645,           0.0099645,           0.0099645
                  10,            0.032535,            0.012482,            0.005864,             0.80269,             0.71896,             0.78692,             0.45876,            0.028558,           0.0058537,           0.0085995,           0.0099551,           0.0099551,           0.0099551
                  11,            0.032377,            0.012212,           0.0056208,             0.85676,             0.80205,             0.85827,             0.52997,            0.026333,           0.0052729,           0.0041475,           0.0099446,           0.0099446,           0.0099446
                  12,            0.031743,             0.01214,           0.0051849,             0.74095,             0.79906,             0.81564,             0.51071,            0.026445,           0.0053928,           0.0048894,            0.009933,            0.009933,            0.009933
                  13,            0.030751,            0.012093,           0.0048787,             0.84446,             0.80849,             0.84641,               0.531,            0.025336,           0.0051947,           0.0038904,           0.0099203,           0.0099203,           0.0099203
                  14,            0.030801,            0.011986,           0.0049738,               0.817,             0.78223,             0.82582,             0.50603,            0.026063,           0.0053448,           0.0039934,           0.0099065,           0.0099065,           0.0099065
                  15,            0.030278,             0.01179,           0.0045936,             0.82962,             0.80565,              0.8557,             0.53153,             0.02482,            0.005207,             0.00276,           0.0098916,           0.0098916,           0.0098916
                  16,            0.029974,            0.011606,           0.0041827,             0.82707,             0.78103,             0.81077,             0.52543,             0.02477,           0.0052331,           0.0058535,           0.0098757,           0.0098757,           0.0098757
                  17,            0.029812,            0.011768,           0.0048836,             0.85474,             0.77751,             0.85068,             0.55833,            0.024367,           0.0051377,           0.0030721,           0.0098586,           0.0098586,           0.0098586
                  18,            0.029267,            0.011664,           0.0042546,             0.85411,             0.77225,             0.83639,             0.52762,            0.025111,           0.0053772,           0.0038797,           0.0098405,           0.0098405,           0.0098405
                  19,            0.029471,            0.011613,            0.003739,             0.82692,             0.79717,             0.85138,                0.55,            0.024476,            0.005228,           0.0029555,           0.0098213,           0.0098213,           0.0098213
                  20,            0.028757,            0.011686,           0.0039095,             0.87724,             0.78278,             0.85974,             0.55486,            0.024471,           0.0050399,            0.002188,           0.0098011,           0.0098011,           0.0098011
                  21,            0.028684,            0.011393,           0.0037691,             0.85919,             0.80649,             0.86887,              0.5628,             0.02449,           0.0050907,           0.0029262,           0.0097798,           0.0097798,           0.0097798
                  22,            0.028605,            0.011461,           0.0035473,             0.84473,              0.8148,             0.84875,             0.55013,            0.024587,           0.0051682,           0.0037694,           0.0097574,           0.0097574,           0.0097574
                  23,            0.027742,            0.011292,           0.0038316,             0.83932,             0.82255,             0.85059,             0.54879,             0.02391,           0.0050771,           0.0032737,            0.009734,            0.009734,            0.009734
                  24,            0.028043,            0.011068,           0.0034236,             0.81842,             0.80745,             0.84643,             0.56484,            0.023672,           0.0051402,            0.003776,           0.0097095,           0.0097095,           0.0097095
                  25,            0.027796,            0.011237,           0.0034619,             0.82372,             0.82646,              0.8417,              0.5408,            0.024372,           0.0050664,           0.0035724,            0.009684,            0.009684,            0.009684
                  26,             0.02731,            0.011041,           0.0031385,             0.81251,             0.82643,              0.8637,              0.5451,            0.024289,           0.0050526,           0.0029442,           0.0096575,           0.0096575,           0.0096575
                  27,            0.027041,             0.01101,            0.003268,             0.80558,             0.80351,             0.82346,             0.54137,            0.023733,           0.0051569,           0.0043567,           0.0096299,           0.0096299,           0.0096299
                  28,            0.027289,            0.011083,           0.0033969,             0.82982,             0.83036,             0.85743,             0.55684,             0.02376,           0.0051103,           0.0032298,           0.0096013,           0.0096013,           0.0096013
                  29,            0.026898,            0.011159,           0.0031089,             0.87681,             0.79023,             0.86352,             0.57064,            0.023749,           0.0050582,           0.0041165,           0.0095717,           0.0095717,           0.0095717
                  30,            0.026928,            0.010932,            0.003064,             0.85765,             0.83659,             0.87678,             0.57137,            0.023557,            0.005022,           0.0025235,           0.0095411,           0.0095411,           0.0095411
                  31,            0.026824,            0.010992,           0.0029899,             0.86943,             0.81192,             0.87947,             0.58035,            0.023292,           0.0050129,             0.00283,           0.0095095,           0.0095095,           0.0095095
                  32,            0.026757,            0.011052,            0.002702,             0.90393,             0.78442,             0.87522,             0.58512,            0.023264,           0.0049677,           0.0035797,           0.0094769,           0.0094769,           0.0094769
                  33,            0.026922,            0.010744,           0.0025565,             0.85763,             0.82662,              0.8685,              0.5796,            0.022988,           0.0049862,           0.0037993,           0.0094434,           0.0094434,           0.0094434
                  34,            0.026698,            0.010784,           0.0027524,             0.87664,              0.8349,              0.8791,             0.58009,            0.023365,           0.0050144,           0.0022741,           0.0094088,           0.0094088,           0.0094088
                  35,            0.026359,             0.01084,            0.002889,             0.84751,             0.83511,             0.87513,             0.58367,            0.023113,           0.0049387,           0.0016328,           0.0093733,           0.0093733,           0.0093733
                  36,            0.026119,            0.010607,           0.0026129,             0.83369,             0.82618,             0.87028,             0.58337,            0.022719,           0.0050053,           0.0022199,           0.0093369,           0.0093369,           0.0093369
                  37,            0.026175,            0.010862,           0.0027249,             0.84743,             0.83293,              0.8622,             0.58369,            0.023213,           0.0050476,           0.0022888,           0.0092995,           0.0092995,           0.0092995
                  38,            0.025702,            0.010709,           0.0026531,             0.81575,             0.83756,             0.85617,             0.57958,            0.023299,           0.0050309,           0.0024731,           0.0092611,           0.0092611,           0.0092611
                  39,            0.025829,            0.010448,           0.0026932,             0.83949,             0.82469,             0.85627,             0.58398,            0.022822,           0.0049538,           0.0041284,           0.0092219,           0.0092219,           0.0092219
                  40,            0.025817,            0.010268,           0.0024508,             0.87151,             0.79744,             0.86851,              0.5788,            0.023119,           0.0050864,           0.0032332,           0.0091817,           0.0091817,           0.0091817
                  41,            0.025809,            0.010439,           0.0025709,             0.88352,             0.81673,             0.88696,             0.59799,            0.022657,           0.0049129,           0.0019203,           0.0091406,           0.0091406,           0.0091406
                  42,            0.024961,            0.010493,           0.0023276,             0.90525,             0.82393,             0.89002,             0.58603,               0.023,           0.0050303,           0.0021466,           0.0090986,           0.0090986,           0.0090986
                  43,            0.024962,            0.010411,           0.0023705,             0.89145,             0.83616,             0.89934,              0.6055,            0.022498,           0.0049898,            0.002108,           0.0090557,           0.0090557,           0.0090557
                  44,             0.02509,             0.01047,           0.0021448,              0.8623,             0.83888,             0.88761,             0.59853,            0.022402,           0.0048835,           0.0017239,           0.0090119,           0.0090119,           0.0090119
                  45,            0.025091,            0.010396,           0.0021995,             0.86321,             0.84396,             0.89176,             0.59054,             0.02244,           0.0050056,           0.0014833,           0.0089673,           0.0089673,           0.0089673
                  46,            0.024675,            0.010234,           0.0021517,             0.87609,             0.84532,             0.88673,             0.58406,            0.022325,           0.0050856,           0.0017069,           0.0089218,           0.0089218,           0.0089218
                  47,            0.024718,            0.010246,           0.0022065,             0.88077,             0.83859,             0.88275,             0.59604,            0.022597,           0.0050374,           0.0020164,           0.0088755,           0.0088755,           0.0088755
                  48,            0.024655,            0.010393,           0.0022069,             0.88687,             0.82229,             0.88357,             0.59888,            0.022191,           0.0049702,           0.0021675,           0.0088283,           0.0088283,           0.0088283
                  49,            0.024615,            0.010282,           0.0020446,             0.87094,             0.81251,             0.86851,             0.58851,            0.022647,           0.0050657,           0.0024983,           0.0087804,           0.0087804,           0.0087804
                  50,            0.024716,            0.010307,           0.0024596,             0.84683,             0.83955,             0.87682,             0.59415,            0.022168,           0.0050421,           0.0020849,           0.0087316,           0.0087316,           0.0087316
                  51,            0.024432,            0.010211,           0.0020603,              0.8736,              0.8436,             0.88611,             0.60789,            0.021838,           0.0049657,           0.0016401,            0.008682,            0.008682,            0.008682
                  52,            0.024778,            0.010188,           0.0021894,             0.86763,             0.82994,             0.86862,             0.59974,            0.022061,           0.0050539,           0.0012079,           0.0086316,           0.0086316,           0.0086316
                  53,            0.024326,            0.010108,           0.0021066,             0.87772,             0.83369,             0.88271,             0.59974,            0.022251,           0.0049699,           0.0014852,           0.0085805,           0.0085805,           0.0085805
                  54,            0.024266,            0.010008,           0.0018399,             0.89116,             0.81526,             0.88725,              0.6065,            0.022082,           0.0049526,           0.0014726,           0.0085286,           0.0085286,           0.0085286
                  55,            0.023875,            0.010102,           0.0021554,             0.85717,             0.86306,             0.89552,             0.60902,             0.02206,           0.0049002,           0.0017175,           0.0084759,           0.0084759,           0.0084759
                  56,            0.023912,           0.0099356,           0.0020133,              0.8797,             0.82495,             0.88611,             0.60391,            0.022779,           0.0049997,           0.0028559,           0.0084225,           0.0084225,           0.0084225
                  57,            0.024068,           0.0099484,           0.0019473,             0.88587,             0.82823,             0.88898,             0.61276,            0.022233,           0.0048833,           0.0013722,           0.0083684,           0.0083684,           0.0083684
                  58,            0.023687,             0.01001,            0.002256,             0.88102,             0.83321,             0.89692,             0.61753,            0.022269,           0.0049842,           0.0016234,           0.0083136,           0.0083136,           0.0083136
                  59,            0.023862,            0.010094,            0.001941,              0.8536,             0.84851,             0.87384,             0.60062,            0.021856,           0.0048534,           0.0017554,           0.0082581,           0.0082581,           0.0082581
                  60,            0.023824,           0.0098633,           0.0017785,             0.86419,             0.84187,             0.88291,             0.60771,             0.02192,           0.0049402,           0.0014624,           0.0082019,           0.0082019,           0.0082019
                  61,            0.023646,           0.0098934,           0.0021524,             0.87686,             0.81033,             0.87925,             0.60845,            0.022395,           0.0049692,           0.0020118,            0.008145,            0.008145,            0.008145
                  62,            0.023008,           0.0096666,           0.0016352,             0.90033,             0.82111,             0.88722,              0.6067,            0.021864,           0.0049239,           0.0013781,           0.0080875,           0.0080875,           0.0080875
                  63,            0.023138,            0.009823,           0.0019678,             0.86615,             0.86161,             0.88933,             0.59956,            0.022008,            0.004973,           0.0021588,           0.0080294,           0.0080294,           0.0080294
                  64,            0.023213,           0.0097196,           0.0018588,             0.87138,             0.82875,             0.88395,             0.60724,            0.022141,            0.004903,           0.0015131,           0.0079706,           0.0079706,           0.0079706
                  65,            0.023013,           0.0096432,           0.0019803,             0.85482,             0.85013,             0.89045,             0.60814,             0.02181,           0.0049662,           0.0020561,           0.0079112,           0.0079112,           0.0079112
                  66,            0.022892,           0.0096097,           0.0018152,             0.87328,             0.82476,             0.87918,             0.61397,            0.021648,           0.0049282,           0.0021653,           0.0078512,           0.0078512,           0.0078512
                  67,            0.022684,            0.009582,           0.0016558,             0.88981,              0.8495,             0.90208,              0.6204,            0.021886,           0.0048545,            0.001707,           0.0077907,           0.0077907,           0.0077907
                  68,             0.02291,           0.0095696,           0.0018957,             0.86008,             0.86983,             0.89982,             0.61864,            0.022133,           0.0049439,           0.0014124,           0.0077296,           0.0077296,           0.0077296
                  69,            0.022744,           0.0098525,           0.0017064,             0.90204,             0.81294,             0.87767,             0.61264,             0.02165,           0.0049447,           0.0020274,           0.0076679,           0.0076679,           0.0076679
                  70,            0.022299,            0.009577,           0.0014246,             0.87761,             0.82128,             0.88137,             0.61152,             0.02172,           0.0048539,           0.0018412,           0.0076057,           0.0076057,           0.0076057
                  71,            0.022558,           0.0094041,           0.0017164,             0.88379,             0.83469,             0.87583,             0.60904,             0.02204,           0.0049386,           0.0012276,            0.007543,            0.007543,            0.007543
                  72,            0.022427,           0.0097131,           0.0017097,             0.86751,             0.83233,              0.8765,             0.61455,             0.02162,           0.0049793,           0.0019305,           0.0074797,           0.0074797,           0.0074797
                  73,            0.022474,           0.0096496,           0.0019072,             0.85399,             0.85318,             0.89187,              0.6107,            0.021675,           0.0049398,           0.0017975,            0.007416,            0.007416,            0.007416
                  74,            0.022329,           0.0093218,           0.0014768,             0.91785,             0.83084,              0.8946,             0.61985,            0.021564,           0.0050091,            0.001476,           0.0073518,           0.0073518,           0.0073518
                  75,            0.022121,           0.0093734,           0.0015285,             0.87506,             0.83835,             0.88198,             0.60963,            0.021801,           0.0050031,           0.0015313,           0.0072872,           0.0072872,           0.0072872
                  76,            0.022286,           0.0094355,           0.0017409,             0.89864,             0.83638,             0.89076,             0.61565,            0.021942,           0.0049752,           0.0013489,           0.0072221,           0.0072221,           0.0072221
                  77,            0.021769,           0.0092419,           0.0016012,             0.85173,             0.85742,             0.88262,             0.61631,            0.021758,           0.0049693,           0.0018669,           0.0071566,           0.0071566,           0.0071566
                  78,            0.022118,           0.0091903,            0.001549,             0.88728,             0.86398,             0.89063,             0.61782,            0.021731,           0.0050544,           0.0017067,           0.0070906,           0.0070906,           0.0070906
                  79,            0.021722,           0.0092439,           0.0014184,             0.87411,             0.83493,             0.87834,             0.61729,            0.022023,           0.0050074,           0.0017832,           0.0070243,           0.0070243,           0.0070243
                  80,            0.021607,           0.0092726,           0.0011787,             0.86466,             0.84795,             0.88135,             0.62105,            0.022007,           0.0049244,           0.0016826,           0.0069576,           0.0069576,           0.0069576
                  81,             0.02146,           0.0089835,           0.0014559,             0.89717,              0.8231,             0.88012,             0.61021,            0.021933,           0.0050921,           0.0020868,           0.0068906,           0.0068906,           0.0068906
                  82,            0.021591,           0.0089691,           0.0013707,             0.87712,             0.83692,             0.88044,             0.60712,            0.022226,           0.0051857,           0.0022163,           0.0068232,           0.0068232,           0.0068232
                  83,            0.021161,            0.009034,           0.0014292,             0.87267,             0.84514,             0.88434,             0.61737,             0.02162,           0.0050364,           0.0011864,           0.0067555,           0.0067555,           0.0067555
                  84,            0.021548,           0.0090908,           0.0014531,             0.86873,             0.84951,             0.88946,             0.62418,             0.02147,           0.0049436,           0.0020695,           0.0066874,           0.0066874,           0.0066874
                  85,            0.021222,           0.0089739,           0.0016605,             0.89786,              0.8323,             0.88745,             0.62152,            0.021633,           0.0050115,           0.0013217,           0.0066191,           0.0066191,           0.0066191
                  86,            0.021343,            0.009133,           0.0014233,             0.87873,             0.83678,             0.88271,             0.61876,             0.02167,           0.0048987,           0.0015372,           0.0065505,           0.0065505,           0.0065505
                  87,            0.021053,           0.0089397,           0.0013027,             0.90841,             0.85354,             0.90975,             0.63012,            0.021736,           0.0049854,          0.00097264,           0.0064816,           0.0064816,           0.0064816
                  88,            0.021049,            0.009048,           0.0014594,             0.91282,             0.83234,             0.89522,             0.61821,            0.022018,           0.0050375,           0.0012532,           0.0064125,           0.0064125,           0.0064125
                  89,            0.020947,             0.00895,           0.0012251,             0.91146,             0.83013,             0.89221,             0.62037,            0.021931,           0.0050527,          0.00096554,           0.0063432,           0.0063432,           0.0063432
                  90,            0.020326,           0.0088184,           0.0011189,             0.90434,             0.84136,             0.88706,             0.61735,            0.021901,           0.0050899,           0.0018072,           0.0062737,           0.0062737,           0.0062737
                  91,            0.020549,           0.0087711,           0.0011693,             0.89748,             0.84223,             0.89229,             0.61474,             0.02209,           0.0051573,           0.0013745,            0.006204,            0.006204,            0.006204
                  92,            0.020588,           0.0089011,           0.0013269,             0.89031,             0.85375,             0.88933,             0.61685,            0.022011,            0.005209,           0.0016688,           0.0061341,           0.0061341,           0.0061341
                  93,            0.020438,              0.0088,           0.0012236,             0.91396,             0.82754,             0.89254,             0.61478,            0.021869,           0.0051575,             0.00143,            0.006064,            0.006064,            0.006064
                  94,            0.020241,           0.0086581,           0.0011958,             0.85708,             0.85056,             0.87429,             0.60943,             0.02218,           0.0051288,            0.001792,           0.0059938,           0.0059938,           0.0059938
                  95,            0.020376,           0.0088452,           0.0013193,             0.88865,             0.86024,              0.8937,             0.61595,            0.021784,           0.0050358,           0.0013085,           0.0059235,           0.0059235,           0.0059235
                  96,            0.020337,           0.0088109,          0.00089724,             0.88478,             0.85422,             0.89678,              0.6172,            0.021341,           0.0050308,           0.0014703,           0.0058531,           0.0058531,           0.0058531
                  97,            0.020223,           0.0086996,           0.0010844,             0.89035,             0.85001,             0.89084,             0.61828,            0.021634,           0.0051149,           0.0014296,           0.0057826,           0.0057826,           0.0057826
                  98,            0.020157,           0.0085942,           0.0011547,             0.89099,             0.85121,             0.88636,             0.61667,            0.021669,           0.0052066,           0.0011108,            0.005712,            0.005712,            0.005712
                  99,            0.020007,           0.0087314,           0.0014811,             0.88399,              0.8384,             0.88128,             0.61729,            0.021624,           0.0051031,           0.0015085,           0.0056413,           0.0056413,           0.0056413
                 100,            0.020242,            0.008813,           0.0019618,             0.89749,             0.83239,             0.88439,             0.60741,            0.022055,            0.005205,            0.001504,           0.0055707,           0.0055707,           0.0055707
                 101,            0.020292,           0.0088426,           0.0014998,             0.88914,             0.82868,             0.88525,             0.61398,            0.021916,           0.0051406,           0.0012039,              0.0055,              0.0055,              0.0055
                 102,            0.019935,           0.0088547,           0.0012425,             0.89899,             0.85088,             0.88953,              0.6203,            0.021911,           0.0050684,           0.0012385,           0.0054293,           0.0054293,           0.0054293
                 103,            0.019618,           0.0085334,          0.00091515,             0.90939,             0.84438,             0.88243,             0.61347,             0.02196,            0.005149,           0.0013792,           0.0053587,           0.0053587,           0.0053587
                 104,            0.019318,           0.0084083,          0.00096707,             0.92205,             0.84237,             0.89089,             0.62398,            0.021706,           0.0051448,           0.0013191,            0.005288,            0.005288,            0.005288
                 105,            0.019077,           0.0083208,          0.00096482,              0.9115,             0.85044,             0.88547,             0.61217,            0.021776,            0.005243,           0.0015759,           0.0052174,           0.0052174,           0.0052174
                 106,            0.019552,           0.0084504,           0.0010888,             0.90289,             0.85486,             0.89356,             0.61743,            0.021766,           0.0052138,           0.0017061,           0.0051469,           0.0051469,           0.0051469
                 107,            0.019233,           0.0084615,          0.00093148,             0.90273,             0.83557,             0.89002,             0.61174,            0.021346,            0.005192,             0.00194,           0.0050765,           0.0050765,           0.0050765
                 108,            0.018975,           0.0082646,          0.00079984,             0.89721,             0.83047,             0.88989,             0.61433,            0.021648,           0.0052308,           0.0016227,           0.0050062,           0.0050062,           0.0050062
                 109,             0.01885,           0.0085185,           0.0009112,             0.89538,              0.8463,             0.89315,             0.62303,            0.021504,           0.0051746,           0.0011696,            0.004936,            0.004936,            0.004936
                 110,            0.019064,           0.0084854,          0.00080474,             0.91839,             0.82509,             0.89521,             0.61753,            0.021718,           0.0052935,            0.001568,           0.0048659,           0.0048659,           0.0048659
                 111,            0.018828,           0.0082581,          0.00074473,             0.89207,             0.83859,              0.8943,             0.61646,            0.021976,           0.0053086,           0.0014997,            0.004796,            0.004796,            0.004796
                 112,            0.018672,           0.0084098,          0.00097738,             0.89378,             0.84435,             0.88946,             0.61829,            0.021761,           0.0052942,           0.0015025,           0.0047263,           0.0047263,           0.0047263
                 113,            0.018542,           0.0082297,          0.00071089,             0.89982,             0.84326,             0.89259,             0.62309,            0.021616,           0.0052823,           0.0017116,           0.0046568,           0.0046568,           0.0046568
                 114,             0.01817,           0.0080149,          0.00087785,              0.9133,             0.82434,             0.88947,             0.62075,            0.021698,           0.0053022,            0.001549,           0.0045875,           0.0045875,           0.0045875
                 115,            0.018507,           0.0082411,          0.00082421,             0.88393,              0.8504,             0.88287,             0.61893,            0.021521,           0.0053289,           0.0016807,           0.0045184,           0.0045184,           0.0045184
                 116,            0.018513,           0.0081326,          0.00097847,              0.8934,             0.84259,             0.88068,             0.62046,            0.021491,           0.0052753,           0.0017324,           0.0044495,           0.0044495,           0.0044495
                 117,            0.018137,           0.0080617,          0.00067744,             0.91481,             0.84622,             0.89243,             0.61613,            0.021701,           0.0053258,           0.0014467,           0.0043809,           0.0043809,           0.0043809
                 118,             0.01862,           0.0081581,           0.0011412,             0.88756,               0.864,             0.88414,              0.6138,            0.021438,           0.0053302,           0.0013679,           0.0043126,           0.0043126,           0.0043126
                 119,            0.017935,           0.0077952,          0.00079651,             0.90661,             0.82609,             0.87931,             0.61815,              0.0215,           0.0053572,           0.0014316,           0.0042445,           0.0042445,           0.0042445
                 120,            0.018513,           0.0080583,          0.00092314,              0.8964,             0.85232,             0.88611,             0.62224,            0.021565,           0.0053255,           0.0014242,           0.0041768,           0.0041768,           0.0041768
                 121,            0.018283,           0.0080587,          0.00073547,             0.90607,             0.83474,             0.87764,              0.6193,            0.021598,           0.0053554,           0.0015053,           0.0041094,           0.0041094,           0.0041094
                 122,            0.017922,           0.0078526,          0.00099096,             0.91853,             0.82388,             0.87807,             0.61633,             0.02177,           0.0053985,           0.0014568,           0.0040424,           0.0040424,           0.0040424
                 123,            0.017624,           0.0078296,          0.00066988,             0.87816,             0.84225,             0.87517,             0.61676,            0.021614,           0.0053961,           0.0013086,           0.0039757,           0.0039757,           0.0039757
                 124,            0.017678,           0.0077681,          0.00069616,             0.88211,             0.84003,             0.87465,             0.61701,             0.02163,           0.0054306,           0.0013712,           0.0039094,           0.0039094,           0.0039094
                 125,              0.0177,           0.0079006,          0.00064862,             0.88632,             0.83974,             0.87725,             0.61926,            0.021676,           0.0054499,           0.0013328,           0.0038434,           0.0038434,           0.0038434
                 126,            0.017619,           0.0076241,          0.00069502,             0.86819,             0.85637,             0.87871,             0.62204,            0.021607,            0.005427,           0.0013847,           0.0037779,           0.0037779,           0.0037779
                 127,            0.017507,           0.0076617,          0.00086624,             0.87511,             0.84757,             0.87212,             0.61749,            0.021614,           0.0054732,           0.0016127,           0.0037128,           0.0037128,           0.0037128
                 128,            0.017175,           0.0077561,          0.00090236,             0.90401,             0.83632,             0.87549,             0.62022,            0.021609,           0.0055036,           0.0016125,           0.0036482,           0.0036482,           0.0036482
                 129,            0.017441,           0.0076243,          0.00082842,             0.88303,             0.84152,             0.88011,             0.62311,            0.021656,           0.0054757,           0.0014579,            0.003584,            0.003584,            0.003584
                 130,            0.017353,           0.0076526,          0.00077178,             0.90025,             0.83208,             0.88275,             0.62519,            0.021675,            0.005487,            0.001251,           0.0035203,           0.0035203,           0.0035203
                 131,            0.016987,           0.0076169,          0.00062993,             0.89897,             0.83467,             0.88317,              0.6239,            0.021684,           0.0054998,           0.0012202,            0.003457,            0.003457,            0.003457
                 132,            0.017281,           0.0076255,          0.00055334,             0.88574,             0.84852,             0.88331,             0.62178,            0.021589,           0.0054736,           0.0012833,           0.0033943,           0.0033943,           0.0033943
                 133,            0.017058,           0.0076331,          0.00065542,             0.87661,             0.84249,             0.87523,             0.62053,            0.021671,           0.0054673,           0.0013583,           0.0033321,           0.0033321,           0.0033321
                 134,             0.01674,           0.0076106,          0.00074041,             0.87659,             0.83827,             0.87069,             0.61544,            0.021723,           0.0055042,           0.0013393,           0.0032704,           0.0032704,           0.0032704
                 135,            0.016743,           0.0076058,          0.00060203,             0.87302,             0.85254,             0.87073,             0.61595,            0.021824,           0.0055262,            0.001418,           0.0032093,           0.0032093,           0.0032093
                 136,             0.01666,            0.007462,          0.00062684,             0.89732,             0.84648,             0.87715,             0.61288,            0.021798,            0.005577,           0.0014338,           0.0031488,           0.0031488,           0.0031488
                 137,            0.016754,            0.007458,          0.00065803,             0.90474,             0.84339,             0.87817,             0.61395,            0.021999,           0.0056063,           0.0014388,           0.0030888,           0.0030888,           0.0030888
                 138,            0.016377,           0.0074579,          0.00056317,             0.90647,             0.84647,              0.8795,             0.61387,            0.021995,           0.0056016,           0.0013861,           0.0030294,           0.0030294,           0.0030294
                 139,            0.016539,           0.0075196,          0.00063586,             0.90452,             0.84914,              0.8816,             0.61543,            0.022004,           0.0056256,           0.0013706,           0.0029706,           0.0029706,           0.0029706
                 140,            0.016309,           0.0073411,          0.00074481,             0.89762,             0.84176,             0.87878,             0.61916,             0.02186,           0.0056075,           0.0014245,           0.0029125,           0.0029125,           0.0029125
                 141,            0.016157,           0.0073095,          0.00056529,             0.88827,             0.83924,             0.87554,             0.62029,            0.021834,           0.0056271,           0.0013738,            0.002855,            0.002855,            0.002855
                 142,            0.016312,           0.0071701,          0.00050634,             0.88427,             0.84012,             0.87464,             0.62134,            0.021846,           0.0056381,           0.0013304,           0.0027981,           0.0027981,           0.0027981
                 143,            0.015972,           0.0073239,          0.00060052,             0.87967,             0.84224,               0.874,             0.62174,            0.021925,           0.0056223,           0.0014679,           0.0027419,           0.0027419,           0.0027419
                 144,            0.016168,           0.0072003,          0.00044865,              0.8852,             0.84451,             0.87891,             0.62107,            0.021958,           0.0056405,           0.0015104,           0.0026864,           0.0026864,           0.0026864
                 145,            0.015931,           0.0072682,           0.0006776,             0.90144,             0.83289,             0.87818,             0.62209,            0.021972,           0.0056199,           0.0015786,           0.0026316,           0.0026316,           0.0026316
                 146,            0.015894,           0.0071817,          0.00053102,             0.88921,             0.84286,             0.88144,             0.62371,            0.021964,           0.0056165,           0.0015571,           0.0025775,           0.0025775,           0.0025775
                 147,            0.015941,           0.0072895,          0.00060438,             0.91942,             0.82165,             0.88025,             0.62222,             0.02196,           0.0056399,           0.0014181,           0.0025241,           0.0025241,           0.0025241
                 148,              0.0154,           0.0071186,          0.00053512,             0.93535,               0.811,             0.88102,             0.61959,            0.022046,           0.0057019,           0.0013287,           0.0024714,           0.0024714,           0.0024714
                 149,            0.015592,           0.0071754,          0.00062194,             0.93768,             0.81001,             0.88048,             0.61662,            0.022034,           0.0057468,           0.0013948,           0.0024195,           0.0024195,           0.0024195
                 150,            0.015679,           0.0071557,          0.00041963,             0.93381,             0.81479,             0.87949,              0.6169,            0.022006,           0.0057556,           0.0014102,           0.0023684,           0.0023684,           0.0023684
                 151,            0.015623,           0.0070006,          0.00048649,             0.93554,             0.82042,             0.88156,             0.61918,            0.021965,           0.0057671,           0.0013817,            0.002318,            0.002318,            0.002318
                 152,            0.015442,           0.0069423,           0.0005764,             0.90487,             0.83442,             0.87862,             0.61884,             0.02192,           0.0057517,            0.001376,           0.0022684,           0.0022684,           0.0022684
                 153,            0.015808,           0.0072508,          0.00040478,             0.90868,             0.83498,             0.87521,             0.61973,            0.021951,           0.0057587,           0.0013864,           0.0022196,           0.0022196,           0.0022196
                 154,             0.01557,           0.0070175,          0.00044197,             0.89894,             0.83706,             0.87315,             0.61856,            0.021998,            0.005772,           0.0013864,           0.0021717,           0.0021717,           0.0021717
                 155,            0.015179,           0.0070781,          0.00053113,             0.90338,             0.83417,             0.87298,              0.6158,             0.02207,           0.0057989,           0.0013266,           0.0021245,           0.0021245,           0.0021245
                 156,            0.015108,           0.0069111,          0.00050293,             0.90389,             0.83562,              0.8746,               0.618,             0.02214,           0.0058151,           0.0013366,           0.0020782,           0.0020782,           0.0020782
                 157,            0.014963,           0.0070008,          0.00041674,             0.91475,             0.83003,             0.87558,             0.61944,            0.022166,           0.0058216,           0.0013084,           0.0020327,           0.0020327,           0.0020327
                 158,            0.015018,           0.0069679,          0.00045305,             0.89639,             0.84115,             0.87569,             0.61962,            0.022195,           0.0058384,           0.0014189,           0.0019881,           0.0019881,           0.0019881
                 159,            0.014967,           0.0067895,          0.00033372,             0.88932,             0.84631,             0.87225,              0.6183,            0.022225,           0.0058558,           0.0015109,           0.0019443,           0.0019443,           0.0019443
                 160,            0.014825,           0.0068323,          0.00039907,             0.89802,             0.84117,             0.87385,             0.61677,            0.022284,           0.0058969,           0.0014721,           0.0019014,           0.0019014,           0.0019014
                 161,            0.014759,           0.0068941,          0.00028026,             0.89312,             0.83951,              0.8736,             0.61765,            0.022311,           0.0059034,           0.0014245,           0.0018594,           0.0018594,           0.0018594
                 162,            0.014738,           0.0067135,          0.00032226,             0.89506,             0.84019,             0.87149,             0.61807,            0.022362,           0.0059286,             0.00139,           0.0018183,           0.0018183,           0.0018183
                 163,            0.014788,            0.006752,          0.00034925,             0.89357,             0.83854,             0.87253,              0.6187,             0.02239,           0.0059467,           0.0013484,           0.0017781,           0.0017781,           0.0017781
                 164,            0.014349,           0.0066798,          0.00029412,             0.89193,             0.84039,              0.8727,             0.61803,            0.022431,           0.0059715,           0.0014061,           0.0017389,           0.0017389,           0.0017389
                 165,             0.01465,           0.0067617,          0.00035718,             0.88381,             0.84955,             0.87432,             0.61779,            0.022422,           0.0059729,           0.0014244,           0.0017005,           0.0017005,           0.0017005
                 166,            0.014319,           0.0066662,          0.00028319,             0.89498,              0.8487,             0.87829,             0.61812,            0.022452,           0.0059811,           0.0014392,           0.0016631,           0.0016631,           0.0016631
                 167,            0.014403,           0.0066174,          0.00035114,             0.89276,             0.84869,             0.87952,             0.61729,            0.022475,           0.0059981,           0.0014342,           0.0016267,           0.0016267,           0.0016267
                 168,            0.014522,           0.0067982,          0.00044716,             0.90731,             0.84254,             0.88091,             0.61745,            0.022481,           0.0060115,           0.0014492,           0.0015912,           0.0015912,           0.0015912
                 169,            0.014111,           0.0066302,          0.00033541,             0.90697,             0.84337,             0.88162,             0.61817,            0.022447,           0.0060223,           0.0014452,           0.0015566,           0.0015566,           0.0015566
                 170,            0.014121,           0.0065619,          0.00028227,             0.90119,             0.85364,             0.88218,             0.61784,            0.022471,           0.0060279,           0.0014562,           0.0015231,           0.0015231,           0.0015231
                 171,            0.013988,           0.0066137,          0.00034907,             0.90201,             0.85417,             0.88214,             0.61808,            0.022463,           0.0060436,           0.0014533,           0.0014905,           0.0014905,           0.0014905
                 172,            0.013992,           0.0066506,          0.00050941,              0.9038,             0.85253,             0.88197,             0.61852,            0.022466,           0.0060557,           0.0014449,           0.0014589,           0.0014589,           0.0014589
                 173,            0.013857,           0.0065742,           0.0003025,              0.9041,             0.85436,             0.88314,             0.61831,              0.0225,           0.0060686,           0.0014322,           0.0014283,           0.0014283,           0.0014283
                 174,            0.014059,           0.0064869,          0.00036677,             0.90499,             0.85357,             0.88309,              0.6188,            0.022508,           0.0060715,           0.0014126,           0.0013987,           0.0013987,           0.0013987
                 175,            0.013716,           0.0065394,          0.00033885,             0.90443,             0.85573,             0.88482,             0.61999,            0.022522,           0.0060783,           0.0013776,           0.0013701,           0.0013701,           0.0013701
                 176,            0.014086,           0.0065654,          0.00027448,             0.90469,             0.85493,             0.88513,             0.62018,            0.022557,           0.0060923,            0.001346,           0.0013425,           0.0013425,           0.0013425
                 177,            0.013938,           0.0064889,          0.00031189,             0.89869,             0.85442,             0.88013,             0.61915,            0.022585,           0.0061117,           0.0013184,            0.001316,            0.001316,            0.001316
                 178,            0.013852,           0.0064993,          0.00033183,             0.89964,             0.85265,             0.87974,             0.61937,             0.02261,           0.0061302,           0.0013207,           0.0012905,           0.0012905,           0.0012905
                 179,            0.013524,           0.0065501,            0.000374,               0.895,             0.85744,             0.88029,             0.61975,            0.022629,           0.0061421,           0.0013333,            0.001266,            0.001266,            0.001266
                 180,            0.013769,           0.0065081,          0.00027812,             0.89592,             0.85751,             0.87869,             0.61846,            0.022658,           0.0061594,           0.0013527,           0.0012426,           0.0012426,           0.0012426
                 181,            0.013644,           0.0064689,          0.00035673,             0.92639,             0.82964,             0.87823,             0.61845,            0.022689,           0.0061818,           0.0014021,           0.0012202,           0.0012202,           0.0012202
                 182,            0.013593,           0.0063288,          0.00035227,             0.92624,             0.83071,             0.87758,              0.6166,            0.022682,           0.0062015,           0.0014038,           0.0011989,           0.0011989,           0.0011989
                 183,            0.013612,            0.006349,           0.0003925,             0.89856,             0.85337,             0.87747,             0.61726,            0.022675,           0.0062062,           0.0013859,           0.0011787,           0.0011787,           0.0011787
                 184,            0.013475,           0.0063918,          0.00034756,             0.90789,             0.84558,             0.87673,             0.61679,            0.022708,            0.006221,            0.001387,           0.0011595,           0.0011595,           0.0011595
                 185,            0.013313,           0.0063817,          0.00029601,             0.90663,              0.8474,             0.87673,             0.61675,            0.022723,            0.006226,           0.0013687,           0.0011414,           0.0011414,           0.0011414
                 186,            0.013394,           0.0063492,          0.00030318,             0.91659,             0.83756,             0.87475,             0.61504,            0.022738,            0.006236,           0.0013687,           0.0011243,           0.0011243,           0.0011243
                 187,            0.013266,           0.0064266,          0.00031973,             0.91658,             0.83752,             0.87594,             0.61734,            0.022734,           0.0062421,           0.0013739,           0.0011084,           0.0011084,           0.0011084
